X,CH1,CH2,CH3,Start,Increment,
Sequence,Volt,Volt,Volt,-1.200000e-03,2.000000e-06
0,1.32e+01,9.80e-01,2.00e+02,
1,1.40e+01,8.60e-01,2.04e+02,
2,1.36e+01,8.80e-01,2.04e+02,
3,1.24e+01,7.80e-01,1.92e+02,
4,1.36e+01,8.00e-01,1.96e+02,
5,1.24e+01,7.00e-01,1.88e+02,
6,1.28e+01,7.40e-01,1.92e+02,
7,1.24e+01,6.00e-01,1.84e+02,
8,1.28e+01,6.20e-01,1.88e+02,
9,1.20e+01,5.40e-01,1.80e+02,
10,1.20e+01,5.40e-01,1.80e+02,
11,1.28e+01,4.40e-01,1.84e+02,
12,1.24e+01,4.60e-01,1.84e+02,
13,1.12e+01,3.60e-01,1.72e+02,
14,1.12e+01,3.80e-01,1.76e+02,
15,1.24e+01,2.60e-01,1.68e+02,
16,1.16e+01,3.00e-01,1.72e+02,
17,1.12e+01,2.00e-01,1.64e+02,
18,1.16e+01,2.40e-01,1.64e+02,
19,1.08e+01,1.60e-01,1.72e+02,
20,1.12e+01,2.00e-01,1.68e+02,
21,1.08e+01,8.00e-02,1.60e+02,
22,1.12e+01,1.20e-01,1.64e+02,
23,1.00e+01,4.00e-02,1.56e+02,
24,1.00e+01,8.00e-02,1.56e+02,
25,1.12e+01,2.00e-02,1.60e+02,
26,1.04e+01,4.00e-02,1.56e+02,
27,9.60e+00,-2.00e-02,1.48e+02,
28,1.04e+01,2.00e-02,1.52e+02,
29,9.60e+00,-4.00e-02,1.44e+02,
30,9.60e+00,0.00e+00,1.48e+02,
31,1.00e+01,-2.00e-02,1.40e+02,
32,1.00e+01,-2.00e-02,1.44e+02,
33,8.80e+00,2.00e-02,1.36e+02,
34,8.80e+00,-2.00e-02,1.40e+02,
35,1.00e+01,6.00e-02,1.36e+02,
36,9.20e+00,4.00e-02,1.40e+02,
37,8.40e+00,8.00e-02,1.28e+02,
38,8.40e+00,6.00e-02,1.32e+02,
39,9.20e+00,1.40e-01,1.24e+02,
40,8.40e+00,1.00e-01,1.28e+02,
41,8.80e+00,2.00e-01,1.24e+02,
42,8.80e+00,1.80e-01,1.28e+02,
43,7.60e+00,2.60e-01,1.20e+02,
44,8.80e+00,2.20e-01,1.24e+02,
45,7.60e+00,3.40e-01,1.16e+02,
46,8.00e+00,3.20e-01,1.20e+02,
47,7.20e+00,4.20e-01,1.12e+02,
48,7.20e+00,4.20e-01,1.16e+02,
49,8.00e+00,5.00e-01,1.04e+02,
50,7.20e+00,4.60e-01,1.08e+02,
51,7.60e+00,6.00e-01,1.04e+02,
52,7.60e+00,5.80e-01,1.08e+02,
53,6.40e+00,6.80e-01,1.00e+02,
54,6.40e+00,6.40e-01,1.04e+02,
55,7.20e+00,7.80e-01,9.60e+01,
56,6.80e+00,7.60e-01,1.00e+02,
57,6.00e+00,8.60e-01,9.20e+01,
58,6.00e+00,8.40e-01,1.00e+02,
59,6.80e+00,9.20e-01,9.20e+01,
60,6.40e+00,9.00e-01,9.60e+01,
61,6.00e+00,1.02e+00,8.40e+01,
62,6.40e+00,1.00e+00,8.80e+01,
63,5.20e+00,1.10e+00,8.00e+01,
64,6.40e+00,1.08e+00,8.40e+01,
65,5.20e+00,1.16e+00,7.60e+01,
66,5.60e+00,1.12e+00,8.40e+01,
67,4.80e+00,1.20e+00,7.60e+01,
68,5.60e+00,1.18e+00,8.00e+01,
69,4.80e+00,1.26e+00,7.20e+01,
70,4.80e+00,1.24e+00,7.60e+01,
71,5.20e+00,1.30e+00,6.80e+01,
72,5.20e+00,1.26e+00,7.20e+01,
73,4.00e+00,1.32e+00,6.00e+01,
74,4.00e+00,1.28e+00,6.40e+01,
75,5.20e+00,1.32e+00,6.00e+01,
76,4.00e+00,1.32e+00,6.00e+01,
77,5.20e+00,1.28e+00,7.20e+01,
78,5.20e+00,1.32e+00,6.80e+01,
79,4.80e+00,1.28e+00,7.60e+01,
80,4.80e+00,1.32e+00,7.20e+01,
81,5.60e+00,1.26e+00,8.00e+01,
82,5.60e+00,1.30e+00,7.60e+01,
83,4.80e+00,1.24e+00,8.40e+01,
84,5.20e+00,1.26e+00,7.60e+01,
85,6.40e+00,1.18e+00,8.40e+01,
86,5.20e+00,1.24e+00,8.00e+01,
87,6.40e+00,1.16e+00,8.80e+01,
88,6.00e+00,1.18e+00,8.40e+01,
89,6.40e+00,1.12e+00,9.60e+01,
90,6.00e+00,1.14e+00,9.20e+01,
91,6.80e+00,1.04e+00,1.00e+02,
92,6.80e+00,1.08e+00,1.00e+02,
93,6.40e+00,1.00e+00,9.60e+01,
94,6.40e+00,1.04e+00,9.60e+01,
95,7.60e+00,9.20e-01,1.04e+02,
96,6.40e+00,9.60e-01,1.00e+02,
97,7.60e+00,8.60e-01,1.08e+02,
98,7.20e+00,9.00e-01,1.04e+02,
99,8.00e+00,7.80e-01,1.12e+02,
100,7.20e+00,8.20e-01,1.04e+02,
101,8.00e+00,7.20e-01,1.20e+02,
102,8.00e+00,7.40e-01,1.12e+02,
103,7.60e+00,6.40e-01,1.20e+02,
104,7.60e+00,6.60e-01,1.16e+02,
105,8.80e+00,5.80e-01,1.24e+02,
106,8.80e+00,6.00e-01,1.20e+02,
107,7.60e+00,5.00e-01,1.28e+02,
108,8.40e+00,5.20e-01,1.28e+02,
109,9.20e+00,4.40e-01,1.24e+02,
110,8.40e+00,4.60e-01,1.24e+02,
111,9.20e+00,3.40e-01,1.32e+02,
112,9.20e+00,3.80e-01,1.28e+02,
113,8.80e+00,3.00e-01,1.40e+02,
114,8.80e+00,3.00e-01,1.36e+02,
115,1.00e+01,2.20e-01,1.44e+02,
116,9.20e+00,2.40e-01,1.36e+02,
117,1.00e+01,1.80e-01,1.48e+02,
118,9.60e+00,2.00e-01,1.48e+02,
119,1.00e+01,1.00e-01,1.40e+02,
120,9.60e+00,1.40e-01,1.44e+02,
121,1.04e+01,6.00e-02,1.52e+02,
122,1.04e+01,1.00e-01,1.48e+02,
123,1.00e+01,4.00e-02,1.60e+02,
124,1.00e+01,6.00e-02,1.56e+02,
125,1.12e+01,0.00e+00,1.60e+02,
126,1.04e+01,4.00e-02,1.56e+02,
127,1.12e+01,-2.00e-02,1.64e+02,
128,1.08e+01,-2.00e-02,1.60e+02,
129,1.16e+01,2.00e-02,1.68e+02,
130,1.08e+01,2.00e-02,1.64e+02,
131,1.16e+01,-2.00e-02,1.72e+02,
132,1.16e+01,-2.00e-02,1.68e+02,
133,1.12e+01,2.00e-02,1.76e+02,
134,1.12e+01,-2.00e-02,1.76e+02,
135,1.24e+01,6.00e-02,1.68e+02,
136,1.16e+01,2.00e-02,1.72e+02,
137,1.24e+01,8.00e-02,1.84e+02,
138,1.20e+01,4.00e-02,1.80e+02,
139,1.28e+01,1.00e-01,1.88e+02,
140,1.28e+01,8.00e-02,1.88e+02,
141,1.20e+01,1.40e-01,1.84e+02,
142,1.28e+01,1.20e-01,1.84e+02,
143,1.24e+01,2.00e-01,1.92e+02,
144,1.24e+01,1.80e-01,1.88e+02,
145,1.36e+01,2.60e-01,1.96e+02,
146,1.24e+01,2.40e-01,1.92e+02,
147,1.36e+01,3.40e-01,2.00e+02,
148,1.32e+01,3.00e-01,2.00e+02,
149,1.40e+01,4.00e-01,2.04e+02,
150,1.40e+01,3.80e-01,2.00e+02,
151,1.32e+01,4.80e-01,2.08e+02,
152,1.36e+01,4.60e-01,2.04e+02,
153,1.44e+01,5.40e-01,2.12e+02,
154,1.36e+01,5.40e-01,2.08e+02,
155,1.48e+01,6.40e-01,2.16e+02,
156,1.48e+01,6.20e-01,2.08e+02,
157,1.44e+01,7.20e-01,2.20e+02,
158,1.44e+01,7.00e-01,2.20e+02,
159,1.52e+01,8.00e-01,2.12e+02,
160,1.44e+01,7.80e-01,2.16e+02,
161,1.52e+01,8.80e-01,2.28e+02,
162,1.52e+01,8.60e-01,2.24e+02,
163,1.48e+01,9.40e-01,2.32e+02,
164,1.48e+01,9.40e-01,2.28e+02,
165,1.60e+01,1.04e+00,2.32e+02,
166,1.52e+01,1.00e+00,2.28e+02,
167,1.60e+01,1.10e+00,2.36e+02,
168,1.56e+01,1.08e+00,2.32e+02,
169,1.64e+01,1.16e+00,2.40e+02,
170,1.56e+01,1.12e+00,2.36e+02,
171,1.64e+01,1.20e+00,2.44e+02,
172,1.60e+01,1.16e+00,2.44e+02,
173,1.68e+01,1.26e+00,2.48e+02,
174,1.60e+01,1.22e+00,2.44e+02,
175,1.72e+01,1.28e+00,2.52e+02,
176,1.68e+01,1.26e+00,2.48e+02,
177,1.72e+01,1.30e+00,2.56e+02,
178,1.68e+01,1.28e+00,2.52e+02,
179,1.76e+01,1.32e+00,2.60e+02,
180,1.76e+01,1.28e+00,2.60e+02,
181,1.68e+01,1.32e+00,2.56e+02,
182,1.76e+01,1.32e+00,2.56e+02,
183,1.72e+01,1.28e+00,2.64e+02,
184,1.72e+01,1.32e+00,2.60e+02,
185,1.84e+01,1.28e+00,2.72e+02,
186,1.80e+01,1.30e+00,2.68e+02,
187,1.84e+01,1.26e+00,2.76e+02,
188,1.80e+01,1.28e+00,2.76e+02,
189,1.88e+01,1.24e+00,2.72e+02,
190,1.80e+01,1.26e+00,2.72e+02,
191,1.88e+01,1.18e+00,2.80e+02,
192,1.88e+01,1.20e+00,2.76e+02,
193,1.84e+01,1.14e+00,2.84e+02,
194,1.84e+01,1.16e+00,2.80e+02,
195,1.96e+01,1.08e+00,2.88e+02,
196,1.92e+01,1.10e+00,2.88e+02,
197,1.96e+01,1.00e+00,2.88e+02,
198,1.92e+01,1.02e+00,2.88e+02,
199,2.00e+01,9.20e-01,2.96e+02,
200,2.00e+01,9.40e-01,2.92e+02,
201,1.92e+01,8.40e-01,3.00e+02,
202,1.96e+01,8.80e-01,2.96e+02,
203,2.08e+01,7.60e-01,3.04e+02,
204,2.08e+01,7.80e-01,3.00e+02,
205,1.96e+01,7.00e-01,3.04e+02,
206,2.04e+01,7.20e-01,3.00e+02,
207,2.08e+01,6.00e-01,3.08e+02,
208,2.04e+01,6.20e-01,3.04e+02,
209,2.12e+01,5.20e-01,3.16e+02,
210,2.04e+01,5.40e-01,3.12e+02,
211,2.12e+01,4.40e-01,3.20e+02,
212,2.08e+01,4.60e-01,3.12e+02,
213,2.20e+01,3.60e-01,3.20e+02,
214,2.08e+01,3.80e-01,3.16e+02,
215,2.20e+01,3.00e-01,3.24e+02,
216,2.16e+01,3.20e-01,3.20e+02,
217,2.20e+01,2.20e-01,3.28e+02,
218,2.16e+01,2.60e-01,3.24e+02,
219,2.24e+01,1.60e-01,3.32e+02,
220,2.24e+01,2.00e-01,3.32e+02,
221,2.20e+01,1.00e-01,3.28e+02,
222,2.20e+01,1.40e-01,3.32e+02,
223,2.32e+01,6.00e-02,3.40e+02,
224,2.20e+01,1.00e-01,3.36e+02,
225,2.32e+01,4.00e-02,3.44e+02,
226,2.28e+01,8.00e-02,3.40e+02,
227,2.32e+01,0.00e+00,3.48e+02,
228,2.28e+01,6.00e-02,3.44e+02,
229,2.36e+01,0.00e+00,3.48e+02,
230,2.36e+01,2.00e-02,3.44e+02,
231,2.32e+01,-2.00e-02,3.52e+02,
232,2.32e+01,0.00e+00,3.48e+02,
233,2.44e+01,4.00e-02,3.60e+02,
234,2.32e+01,2.00e-02,3.56e+02,
235,2.44e+01,8.00e-02,3.64e+02,
236,2.44e+01,4.00e-02,3.56e+02,
237,2.40e+01,1.00e-01,3.64e+02,
238,2.40e+01,8.00e-02,3.60e+02,
239,2.48e+01,1.40e-01,3.68e+02,
240,2.48e+01,1.00e-01,3.64e+02,
241,2.44e+01,2.00e-01,3.72e+02,
242,2.44e+01,1.80e-01,3.68e+02,
243,2.56e+01,2.40e-01,3.76e+02,
244,2.56e+01,2.20e-01,3.76e+02,
245,2.44e+01,3.20e-01,3.68e+02,
246,2.52e+01,3.00e-01,3.76e+02,
247,2.60e+01,4.00e-01,3.84e+02,
248,2.60e+01,3.60e-01,3.80e+02,
249,2.52e+01,4.80e-01,3.88e+02,
250,2.56e+01,4.60e-01,3.84e+02,
251,2.60e+01,5.60e-01,3.88e+02,
252,2.56e+01,5.40e-01,3.84e+02,
253,2.68e+01,6.40e-01,3.92e+02,
254,2.60e+01,6.20e-01,3.88e+02,
255,2.68e+01,7.40e-01,3.96e+02,
256,2.64e+01,7.20e-01,3.96e+02,
257,2.72e+01,8.00e-01,3.92e+02,
258,2.72e+01,7.80e-01,3.92e+02,
259,2.64e+01,9.00e-01,4.04e+02,
260,2.72e+01,8.60e-01,4.00e+02,
261,2.68e+01,9.80e-01,4.08e+02,
262,2.68e+01,9.60e-01,4.04e+02,
263,2.80e+01,1.04e+00,4.12e+02,
264,2.80e+01,1.02e+00,4.08e+02,
265,2.68e+01,1.12e+00,4.16e+02,
266,2.76e+01,1.10e+00,4.16e+02,
267,2.84e+01,1.16e+00,4.12e+02,
268,2.76e+01,1.14e+00,4.12e+02,
269,2.84e+01,1.24e+00,4.20e+02,
270,2.84e+01,1.20e+00,4.16e+02,
271,2.80e+01,1.26e+00,4.28e+02,
272,2.80e+01,1.22e+00,4.24e+02,
273,2.92e+01,1.28e+00,4.28e+02,
274,2.92e+01,1.26e+00,4.24e+02,
275,2.88e+01,1.30e+00,4.32e+02,
276,2.88e+01,1.30e+00,4.28e+02,
277,2.96e+01,1.26e+00,4.36e+02,
278,2.88e+01,1.30e+00,4.32e+02,
279,2.96e+01,1.26e+00,4.40e+02,
280,2.96e+01,1.30e+00,4.40e+02,
281,2.92e+01,1.26e+00,4.36e+02,
282,2.92e+01,1.28e+00,4.36e+02,
283,3.04e+01,1.22e+00,4.48e+02,
284,2.92e+01,1.26e+00,4.44e+02,
285,3.04e+01,1.18e+00,4.52e+02,
286,3.00e+01,1.20e+00,4.48e+02,
287,3.08e+01,1.12e+00,4.56e+02,
288,3.08e+01,1.16e+00,4.52e+02,
289,3.00e+01,1.08e+00,4.56e+02,
290,3.08e+01,1.08e+00,4.52e+02,
291,3.04e+01,1.00e+00,4.60e+02,
292,3.04e+01,1.02e+00,4.56e+02,
293,3.16e+01,9.40e-01,4.64e+02,
294,3.16e+01,9.40e-01,4.60e+02,
295,3.04e+01,8.40e-01,4.72e+02,
296,3.12e+01,8.60e-01,4.68e+02,
297,3.20e+01,7.60e-01,4.72e+02,
298,3.20e+01,7.80e-01,4.68e+02,
299,3.12e+01,6.80e-01,4.76e+02,
300,3.20e+01,6.80e-01,4.72e+02,
301,3.16e+01,6.00e-01,4.80e+02,
302,3.16e+01,6.20e-01,4.76e+02,
303,3.28e+01,5.00e-01,4.84e+02,
304,3.24e+01,5.20e-01,4.84e+02,
305,3.28e+01,4.40e-01,4.76e+02,
306,3.24e+01,4.60e-01,4.80e+02,
307,3.32e+01,3.40e-01,4.88e+02,
308,3.32e+01,3.80e-01,4.88e+02,
309,3.24e+01,2.80e-01,4.96e+02,
310,3.32e+01,2.80e-01,4.92e+02,
311,3.28e+01,2.20e-01,4.96e+02,
312,3.28e+01,2.40e-01,4.92e+02,
313,3.40e+01,1.60e-01,5.00e+02,
314,3.40e+01,1.80e-01,4.96e+02,
315,3.28e+01,1.00e-01,5.04e+02,
316,3.36e+01,1.40e-01,5.00e+02,
317,3.44e+01,8.00e-02,5.08e+02,
318,3.36e+01,1.00e-01,5.08e+02,
319,3.44e+01,4.00e-02,5.04e+02,
320,3.40e+01,4.00e-02,5.08e+02,
321,3.44e+01,8.00e-02,5.16e+02,
322,3.40e+01,4.00e-02,5.12e+02,
323,3.52e+01,8.00e-02,5.20e+02,
324,3.52e+01,4.00e-02,5.16e+02,
325,3.44e+01,8.00e-02,5.20e+02,
326,3.52e+01,8.00e-02,5.20e+02,
327,3.40e+01,4.00e-02,5.12e+02,
328,3.40e+01,8.00e-02,5.16e+02,
329,3.44e+01,4.00e-02,5.04e+02,
330,3.44e+01,8.00e-02,5.08e+02,
331,3.36e+01,4.00e-02,5.04e+02,
332,3.36e+01,4.00e-02,5.08e+02,
333,3.44e+01,8.00e-02,5.00e+02,
334,3.40e+01,4.00e-02,5.04e+02,
335,3.28e+01,1.00e-01,4.96e+02,
336,3.28e+01,6.00e-02,5.00e+02,
337,3.40e+01,1.00e-01,4.92e+02,
338,3.32e+01,1.20e-01,4.96e+02,
339,3.28e+01,8.00e-02,4.88e+02,
340,3.32e+01,1.00e-01,4.96e+02,
341,3.24e+01,1.80e-01,4.88e+02,
342,3.32e+01,1.60e-01,4.92e+02,
343,3.24e+01,2.20e-01,4.80e+02,
344,3.28e+01,1.80e-01,4.84e+02,
345,3.16e+01,2.60e-01,4.76e+02,
346,3.28e+01,2.20e-01,4.80e+02,
347,3.16e+01,3.20e-01,4.76e+02,
348,3.20e+01,3.00e-01,4.80e+02,
349,3.16e+01,3.60e-01,4.72e+02,
350,3.20e+01,3.40e-01,4.76e+02,
351,3.12e+01,4.20e-01,4.68e+02,
352,3.20e+01,4.20e-01,4.72e+02,
353,3.12e+01,5.00e-01,4.60e+02,
354,3.16e+01,4.80e-01,4.64e+02,
355,3.04e+01,5.60e-01,4.60e+02,
356,3.16e+01,5.40e-01,4.64e+02,
357,3.04e+01,6.40e-01,4.56e+02,
358,3.08e+01,6.00e-01,4.60e+02,
359,3.00e+01,6.80e-01,4.52e+02,
360,3.08e+01,6.80e-01,4.56e+02,
361,3.00e+01,7.80e-01,4.52e+02,
362,3.04e+01,7.40e-01,4.56e+02,
363,3.00e+01,8.40e-01,4.48e+02,
364,3.04e+01,8.20e-01,4.52e+02,
365,2.92e+01,9.20e-01,4.44e+02,
366,3.04e+01,8.80e-01,4.48e+02,
367,2.92e+01,9.80e-01,4.36e+02,
368,2.96e+01,9.60e-01,4.40e+02,
369,2.92e+01,1.02e+00,4.36e+02,
370,2.96e+01,1.00e+00,4.40e+02,
371,2.88e+01,1.10e+00,4.32e+02,
372,2.92e+01,1.08e+00,4.36e+02,
373,2.88e+01,1.14e+00,4.28e+02,
374,2.92e+01,1.12e+00,4.32e+02,
375,2.80e+01,1.18e+00,4.24e+02,
376,2.80e+01,1.14e+00,4.24e+02,
377,2.92e+01,1.22e+00,4.28e+02,
378,2.84e+01,1.20e+00,4.28e+02,
379,2.76e+01,1.26e+00,4.16e+02,
380,2.84e+01,1.24e+00,4.20e+02,
381,2.76e+01,1.28e+00,4.12e+02,
382,2.80e+01,1.24e+00,4.16e+02,
383,2.76e+01,1.28e+00,4.08e+02,
384,2.80e+01,1.28e+00,4.12e+02,
385,2.68e+01,1.24e+00,4.08e+02,
386,2.68e+01,1.26e+00,4.12e+02,
387,2.80e+01,1.28e+00,4.04e+02,
388,2.72e+01,1.28e+00,4.08e+02,
389,2.68e+01,1.24e+00,4.00e+02,
390,2.64e+01,1.26e+00,4.00e+02,
391,2.72e+01,1.22e+00,4.04e+02,
392,2.68e+01,1.24e+00,4.04e+02,
393,2.64e+01,1.20e+00,3.92e+02,
394,2.68e+01,1.20e+00,3.96e+02,
395,2.56e+01,1.14e+00,3.88e+02,
396,2.56e+01,1.16e+00,3.92e+02,
397,2.68e+01,1.10e+00,3.84e+02,
398,2.60e+01,1.12e+00,3.84e+02,
399,2.56e+01,1.02e+00,3.88e+02,
400,2.60e+01,1.06e+00,3.88e+02,
401,2.52e+01,9.80e-01,3.80e+02,
402,2.52e+01,1.02e+00,3.84e+02,
403,2.56e+01,9.00e-01,3.72e+02,
404,2.56e+01,9.20e-01,3.76e+02,
405,2.44e+01,8.40e-01,3.68e+02,
406,2.48e+01,8.60e-01,3.72e+02,
407,2.44e+01,7.60e-01,3.68e+02,
408,2.48e+01,7.80e-01,3.72e+02,
409,2.40e+01,7.00e-01,3.64e+02,
410,2.48e+01,7.20e-01,3.68e+02,
411,2.40e+01,6.00e-01,3.60e+02,
412,2.40e+01,6.40e-01,3.64e+02,
413,2.44e+01,5.20e-01,3.56e+02,
414,2.44e+01,5.40e-01,3.56e+02,
415,2.32e+01,4.60e-01,3.60e+02,
416,2.44e+01,5.00e-01,3.60e+02,
417,2.32e+01,3.60e-01,3.48e+02,
418,2.36e+01,4.00e-01,3.52e+02,
419,2.28e+01,3.20e-01,3.44e+02,
420,2.36e+01,3.40e-01,3.48e+02,
421,2.28e+01,2.20e-01,3.40e+02,
422,2.28e+01,2.60e-01,3.44e+02,
423,2.32e+01,1.80e-01,3.40e+02,
424,2.32e+01,2.20e-01,3.44e+02,
425,2.20e+01,1.20e-01,3.36e+02,
426,2.28e+01,1.60e-01,3.40e+02,
427,2.20e+01,8.00e-02,3.32e+02,
428,2.24e+01,1.20e-01,3.32e+02,
429,2.16e+01,6.00e-02,3.24e+02,
430,2.24e+01,8.00e-02,3.24e+02,
431,2.16e+01,4.00e-02,3.28e+02,
432,2.20e+01,6.00e-02,3.28e+02,
433,2.16e+01,2.00e-02,3.20e+02,
434,2.20e+01,2.00e-02,3.24e+02,
435,2.08e+01,-2.00e-02,3.16e+02,
436,2.08e+01,0.00e+00,3.20e+02,
437,2.12e+01,6.00e-02,3.12e+02,
438,2.12e+01,6.00e-02,3.12e+02,
439,2.04e+01,0.00e+00,3.16e+02,
440,2.04e+01,2.00e-02,3.16e+02,
441,2.12e+01,8.00e-02,3.04e+02,
442,2.04e+01,6.00e-02,3.08e+02,
443,2.08e+01,1.00e-01,3.00e+02,
444,2.08e+01,8.00e-02,3.04e+02,
445,1.96e+01,1.40e-01,2.96e+02,
446,2.00e+01,1.20e-01,3.00e+02,
447,1.96e+01,2.20e-01,2.96e+02,
448,2.00e+01,1.80e-01,3.00e+02,
449,1.92e+01,2.60e-01,2.92e+02,
450,2.00e+01,2.40e-01,2.96e+02,
451,1.92e+01,3.40e-01,2.84e+02,
452,1.96e+01,3.20e-01,2.88e+02,
453,1.88e+01,4.00e-01,2.80e+02,
454,1.96e+01,3.80e-01,2.80e+02,
455,1.84e+01,4.80e-01,2.84e+02,
456,1.88e+01,4.60e-01,2.84e+02,
457,1.84e+01,5.80e-01,2.76e+02,
458,1.88e+01,5.60e-01,2.80e+02,
459,1.80e+01,6.40e-01,2.72e+02,
460,1.80e+01,6.20e-01,2.76e+02,
461,1.88e+01,7.20e-01,2.68e+02,
462,1.84e+01,7.00e-01,2.68e+02,
463,1.72e+01,8.00e-01,2.72e+02,
464,1.84e+01,7.80e-01,2.72e+02,
465,1.72e+01,8.80e-01,2.60e+02,
466,1.72e+01,8.60e-01,2.64e+02,
467,1.76e+01,9.60e-01,2.56e+02,
468,1.76e+01,9.40e-01,2.60e+02,
469,1.68e+01,1.04e+00,2.52e+02,
470,1.68e+01,1.02e+00,2.56e+02,
471,1.76e+01,1.10e+00,2.52e+02,
472,1.72e+01,1.08e+00,2.56e+02,
473,1.60e+01,1.16e+00,2.48e+02,
474,1.72e+01,1.14e+00,2.52e+02,
475,1.60e+01,1.18e+00,2.44e+02,
476,1.64e+01,1.16e+00,2.44e+02,
477,1.60e+01,1.24e+00,2.48e+02,
478,1.64e+01,1.22e+00,2.44e+02,
479,1.56e+01,1.28e+00,2.36e+02,
480,1.60e+01,1.24e+00,2.40e+02,
481,1.56e+01,1.28e+00,2.32e+02,
482,1.60e+01,1.26e+00,2.36e+02,
483,1.48e+01,1.28e+00,2.28e+02,
484,1.60e+01,1.26e+00,2.32e+02,
485,1.48e+01,1.30e+00,2.24e+02,
486,1.52e+01,1.28e+00,2.24e+02,
487,1.48e+01,1.24e+00,2.28e+02,
488,1.52e+01,1.28e+00,2.28e+02,
489,1.44e+01,1.22e+00,2.16e+02,
490,1.44e+01,1.24e+00,2.20e+02,
491,1.52e+01,1.18e+00,2.12e+02,
492,1.48e+01,1.20e+00,2.16e+02,
493,1.36e+01,1.14e+00,2.08e+02,
494,1.48e+01,1.16e+00,2.16e+02,
495,1.36e+01,1.08e+00,2.08e+02,
496,1.40e+01,1.12e+00,2.12e+02,
497,1.36e+01,1.00e+00,2.04e+02,
498,1.40e+01,1.04e+00,2.08e+02,
499,1.32e+01,9.40e-01,2.00e+02,
500,1.40e+01,9.60e-01,2.00e+02,
501,1.32e+01,8.60e-01,2.04e+02,
502,1.36e+01,8.80e-01,2.00e+02,
503,1.24e+01,7.80e-01,1.92e+02,
504,1.36e+01,8.00e-01,1.96e+02,
505,1.24e+01,7.00e-01,1.88e+02,
506,1.24e+01,7.20e-01,1.92e+02,
507,1.28e+01,6.00e-01,1.84e+02,
508,1.28e+01,6.20e-01,1.92e+02,
509,1.20e+01,5.20e-01,1.80e+02,
510,1.20e+01,5.40e-01,1.80e+02,
511,1.24e+01,4.40e-01,1.88e+02,
512,1.24e+01,4.80e-01,1.84e+02,
513,1.12e+01,3.40e-01,1.72e+02,
514,1.24e+01,3.80e-01,1.76e+02,
515,1.12e+01,2.60e-01,1.68e+02,
516,1.16e+01,2.80e-01,1.72e+02,
517,1.12e+01,2.00e-01,1.68e+02,
518,1.08e+01,2.40e-01,1.72e+02,
519,1.16e+01,1.60e-01,1.64e+02,
520,1.08e+01,1.80e-01,1.68e+02,
521,1.12e+01,1.00e-01,1.60e+02,
522,1.12e+01,1.20e-01,1.64e+02,
523,1.00e+01,4.00e-02,1.56e+02,
524,1.12e+01,8.00e-02,1.64e+02,
525,1.00e+01,0.00e+00,1.48e+02,
526,1.04e+01,6.00e-02,1.56e+02,
527,9.60e+00,-2.00e-02,1.48e+02,
528,9.60e+00,2.00e-02,1.52e+02,
529,1.04e+01,-2.00e-02,1.44e+02,
530,9.60e+00,-4.00e-02,1.48e+02,
531,1.00e+01,2.00e-02,1.40e+02,
532,1.00e+01,-2.00e-02,1.44e+02,
533,8.80e+00,2.00e-02,1.40e+02,
534,1.00e+01,-2.00e-02,1.44e+02,
535,8.80e+00,6.00e-02,1.36e+02,
536,9.20e+00,2.00e-02,1.40e+02,
537,8.40e+00,1.00e-01,1.28e+02,
538,9.20e+00,6.00e-02,1.32e+02,
539,8.40e+00,1.40e-01,1.24e+02,
540,8.40e+00,1.20e-01,1.28e+02,
541,8.80e+00,2.00e-01,1.20e+02,
542,8.80e+00,1.80e-01,1.28e+02,
543,7.60e+00,2.40e-01,1.20e+02,
544,7.60e+00,2.20e-01,1.24e+02,
545,8.80e+00,3.40e-01,1.16e+02,
546,8.00e+00,3.20e-01,1.20e+02,
547,7.20e+00,4.00e-01,1.12e+02,
548,7.20e+00,4.00e-01,1.12e+02,
549,8.00e+00,5.00e-01,1.16e+02,
550,7.20e+00,4.80e-01,1.16e+02,
551,7.60e+00,5.80e-01,1.04e+02,
552,7.60e+00,5.60e-01,1.08e+02,
553,6.40e+00,6.80e-01,1.00e+02,
554,7.60e+00,6.40e-01,1.04e+02,
555,6.40e+00,7.60e-01,9.60e+01,
556,6.80e+00,7.40e-01,1.00e+02,
557,6.00e+00,8.60e-01,9.20e+01,
558,6.00e+00,8.40e-01,9.20e+01,
559,6.80e+00,9.20e-01,1.00e+02,
560,6.00e+00,9.00e-01,9.60e+01,
561,6.40e+00,1.02e+00,8.40e+01,
562,6.40e+00,9.80e-01,8.80e+01,
563,5.20e+00,1.10e+00,8.00e+01,
564,6.40e+00,1.08e+00,8.40e+01,
565,5.20e+00,1.16e+00,7.60e+01,
566,5.60e+00,1.14e+00,7.60e+01,
567,4.80e+00,1.20e+00,8.00e+01,
568,5.60e+00,1.18e+00,8.00e+01,
569,4.80e+00,1.26e+00,7.20e+01,
570,4.80e+00,1.22e+00,7.60e+01,
571,5.20e+00,1.30e+00,6.80e+01,
572,5.20e+00,1.26e+00,7.20e+01,
573,4.00e+00,1.30e+00,6.00e+01,
574,5.20e+00,1.28e+00,6.00e+01,
575,4.00e+00,1.32e+00,7.20e+01,
576,4.00e+00,1.32e+00,6.00e+01,
577,5.20e+00,1.28e+00,7.20e+01,
578,4.80e+00,1.26e+00,6.80e+01,
579,5.20e+00,1.32e+00,7.60e+01,
580,4.80e+00,1.30e+00,7.20e+01,
581,5.60e+00,1.26e+00,8.00e+01,
582,4.80e+00,1.28e+00,7.60e+01,
583,5.60e+00,1.22e+00,8.40e+01,
584,5.20e+00,1.26e+00,8.40e+01,
585,6.40e+00,1.18e+00,8.00e+01,
586,6.40e+00,1.20e+00,8.00e+01,
587,5.20e+00,1.16e+00,8.80e+01,
588,6.00e+00,1.18e+00,8.80e+01,
589,6.40e+00,1.12e+00,9.60e+01,
590,6.00e+00,1.14e+00,9.20e+01,
591,6.80e+00,1.04e+00,1.00e+02,
592,6.80e+00,1.08e+00,9.20e+01,
593,6.00e+00,1.00e+00,1.00e+02,
594,6.40e+00,1.02e+00,9.60e+01,
595,7.60e+00,9.40e-01,1.04e+02,
596,6.40e+00,9.40e-01,1.00e+02,
597,7.60e+00,8.60e-01,1.08e+02,
598,7.60e+00,9.00e-01,1.04e+02,
599,7.20e+00,7.80e-01,1.16e+02,
600,8.00e+00,8.00e-01,1.16e+02,
601,7.20e+00,7.20e-01,1.12e+02,
602,7.20e+00,7.40e-01,1.12e+02,
603,8.00e+00,6.40e-01,1.20e+02,
604,7.60e+00,6.60e-01,1.16e+02,
605,8.80e+00,5.80e-01,1.24e+02,
606,8.80e+00,6.00e-01,1.20e+02,
607,7.60e+00,5.00e-01,1.28e+02,
608,8.40e+00,5.20e-01,1.28e+02,
609,9.20e+00,4.20e-01,1.24e+02,
610,8.40e+00,4.60e-01,1.24e+02,
611,9.20e+00,3.40e-01,1.32e+02,
612,8.80e+00,3.80e-01,1.28e+02,
613,9.20e+00,3.00e-01,1.40e+02,
614,8.80e+00,3.20e-01,1.36e+02,
615,1.00e+01,2.20e-01,1.44e+02,
616,1.00e+01,2.40e-01,1.40e+02,
617,8.80e+00,1.60e-01,1.44e+02,
618,9.60e+00,1.80e-01,1.40e+02,
619,1.04e+01,1.00e-01,1.48e+02,
620,9.60e+00,1.40e-01,1.44e+02,
621,1.04e+01,8.00e-02,1.52e+02,
622,1.04e+01,1.00e-01,1.48e+02,
623,1.00e+01,4.00e-02,1.60e+02,
624,1.00e+01,6.00e-02,1.56e+02,
625,1.12e+01,2.00e-02,1.60e+02,
626,1.12e+01,2.00e-02,1.56e+02,
627,1.00e+01,-2.00e-02,1.64e+02,
628,1.08e+01,-4.00e-02,1.60e+02,
629,1.16e+01,2.00e-02,1.68e+02,
630,1.16e+01,-2.00e-02,1.64e+02,
631,1.08e+01,2.00e-02,1.72e+02,
632,1.12e+01,-2.00e-02,1.68e+02,
633,1.16e+01,2.00e-02,1.76e+02,
634,1.12e+01,-2.00e-02,1.76e+02,
635,1.24e+01,6.00e-02,1.68e+02,
636,1.24e+01,2.00e-02,1.72e+02,
637,1.12e+01,8.00e-02,1.84e+02,
638,1.20e+01,4.00e-02,1.80e+02,
639,1.28e+01,1.00e-01,1.88e+02,
640,1.20e+01,8.00e-02,1.84e+02,
641,1.28e+01,1.40e-01,1.88e+02,
642,1.24e+01,1.20e-01,1.84e+02,
643,1.32e+01,2.00e-01,1.92e+02,
644,1.24e+01,1.80e-01,1.88e+02,
645,1.36e+01,2.60e-01,1.96e+02,
646,1.36e+01,2.20e-01,1.92e+02,
647,1.24e+01,3.40e-01,2.00e+02,
648,1.32e+01,3.20e-01,2.00e+02,
649,1.40e+01,4.00e-01,2.08e+02,
650,1.40e+01,3.60e-01,2.00e+02,
651,1.32e+01,4.80e-01,2.08e+02,
652,1.40e+01,4.60e-01,2.04e+02,
653,1.36e+01,5.60e-01,2.12e+02,
654,1.36e+01,5.40e-01,2.08e+02,
655,1.48e+01,6.40e-01,2.16e+02,
656,1.44e+01,6.00e-01,2.12e+02,
657,1.48e+01,7.20e-01,2.16e+02,
658,1.44e+01,6.80e-01,2.12e+02,
659,1.52e+01,7.80e-01,2.20e+02,
660,1.44e+01,7.60e-01,2.16e+02,
661,1.52e+01,8.80e-01,2.28e+02,
662,1.52e+01,8.40e-01,2.24e+02,
663,1.48e+01,9.40e-01,2.32e+02,
664,1.48e+01,9.40e-01,2.28e+02,
665,1.60e+01,1.02e+00,2.36e+02,
666,1.56e+01,1.00e+00,2.36e+02,
667,1.60e+01,1.08e+00,2.28e+02,
668,1.56e+01,1.08e+00,2.32e+02,
669,1.64e+01,1.16e+00,2.40e+02,
670,1.56e+01,1.12e+00,2.36e+02,
671,1.64e+01,1.18e+00,2.48e+02,
672,1.60e+01,1.16e+00,2.44e+02,
673,1.68e+01,1.24e+00,2.48e+02,
674,1.72e+01,1.22e+00,2.44e+02,
675,1.60e+01,1.28e+00,2.52e+02,
676,1.68e+01,1.26e+00,2.48e+02,
677,1.72e+01,1.30e+00,2.56e+02,
678,1.68e+01,1.26e+00,2.52e+02,
679,1.76e+01,1.32e+00,2.60e+02,
680,1.76e+01,1.28e+00,2.60e+02,
681,1.68e+01,1.32e+00,2.56e+02,
682,1.72e+01,1.32e+00,2.64e+02,
683,1.80e+01,1.28e+00,2.56e+02,
684,1.72e+01,1.32e+00,2.60e+02,
685,1.84e+01,1.28e+00,2.72e+02,
686,1.84e+01,1.30e+00,2.68e+02,
687,1.80e+01,1.26e+00,2.76e+02,
688,1.80e+01,1.28e+00,2.76e+02,
689,1.88e+01,1.24e+00,2.72e+02,
690,1.88e+01,1.26e+00,2.72e+02,
691,1.80e+01,1.18e+00,2.80e+02,
692,1.84e+01,1.20e+00,2.76e+02,
693,1.92e+01,1.12e+00,2.84e+02,
694,1.84e+01,1.16e+00,2.80e+02,
695,1.96e+01,1.08e+00,2.88e+02,
696,1.92e+01,1.10e+00,2.88e+02,
697,1.96e+01,1.00e+00,2.88e+02,
698,1.92e+01,1.02e+00,2.88e+02,
699,2.00e+01,9.20e-01,2.96e+02,
700,2.00e+01,9.40e-01,2.92e+02,
701,1.92e+01,8.60e-01,3.00e+02,
702,1.96e+01,8.80e-01,2.96e+02,
703,2.08e+01,7.60e-01,3.04e+02,
704,1.96e+01,8.00e-01,3.00e+02,
705,2.08e+01,7.00e-01,3.08e+02,
706,2.04e+01,7.20e-01,3.08e+02,
707,2.08e+01,6.00e-01,3.00e+02,
708,2.04e+01,6.20e-01,3.04e+02,
709,2.12e+01,5.00e-01,3.16e+02,
710,2.04e+01,5.40e-01,3.12e+02,
711,2.12e+01,4.40e-01,3.20e+02,
712,2.08e+01,4.60e-01,3.16e+02,
713,2.20e+01,3.60e-01,3.20e+02,
714,2.08e+01,3.80e-01,3.16e+02,
715,2.20e+01,3.00e-01,3.24e+02,
716,2.16e+01,3.20e-01,3.20e+02,
717,2.20e+01,2.20e-01,3.28e+02,
718,2.16e+01,2.40e-01,3.24e+02,
719,2.24e+01,1.60e-01,3.32e+02,
720,2.20e+01,2.00e-01,3.32e+02,
721,2.24e+01,1.20e-01,3.24e+02,
722,2.20e+01,1.40e-01,3.32e+02,
723,2.32e+01,6.00e-02,3.40e+02,
724,2.20e+01,1.00e-01,3.36e+02,
725,2.32e+01,4.00e-02,3.44e+02,
726,2.28e+01,6.00e-02,3.40e+02,
727,2.32e+01,0.00e+00,3.44e+02,
728,2.28e+01,0.00e+00,3.48e+02,
729,2.36e+01,6.00e-02,3.40e+02,
730,2.36e+01,0.00e+00,3.44e+02,
731,2.32e+01,4.00e-02,3.52e+02,
732,2.32e+01,0.00e+00,3.48e+02,
733,2.44e+01,6.00e-02,3.56e+02,
734,2.32e+01,0.00e+00,3.52e+02,
735,2.44e+01,8.00e-02,3.64e+02,
736,2.44e+01,6.00e-02,3.56e+02,
737,2.40e+01,1.00e-01,3.64e+02,
738,2.40e+01,6.00e-02,3.60e+02,
739,2.48e+01,1.40e-01,3.68e+02,
740,2.48e+01,1.00e-01,3.64e+02,
741,2.44e+01,2.00e-01,3.72e+02,
742,2.44e+01,1.80e-01,3.68e+02,
743,2.56e+01,2.60e-01,3.72e+02,
744,2.56e+01,2.20e-01,3.68e+02,
745,2.44e+01,3.20e-01,3.76e+02,
746,2.52e+01,3.00e-01,3.72e+02,
747,2.56e+01,3.80e-01,3.84e+02,
748,2.52e+01,3.60e-01,3.80e+02,
749,2.60e+01,5.00e-01,3.84e+02,
750,2.60e+01,4.60e-01,3.80e+02,
751,2.56e+01,5.40e-01,3.88e+02,
752,2.56e+01,5.20e-01,3.84e+02,
753,2.68e+01,6.40e-01,3.92e+02,
754,2.56e+01,6.20e-01,3.88e+02,
755,2.68e+01,7.20e-01,3.96e+02,
756,2.64e+01,7.00e-01,3.92e+02,
757,2.68e+01,8.00e-01,4.04e+02,
758,2.64e+01,7.80e-01,4.00e+02,
759,2.72e+01,9.00e-01,4.04e+02,
760,2.68e+01,8.80e-01,4.00e+02,
761,2.72e+01,9.80e-01,4.08e+02,
762,2.68e+01,9.60e-01,4.04e+02,
763,2.80e+01,1.04e+00,4.12e+02,
764,2.68e+01,1.00e+00,4.08e+02,
765,2.80e+01,1.12e+00,4.16e+02,
766,2.76e+01,1.08e+00,4.16e+02,
767,2.84e+01,1.18e+00,4.08e+02,
768,2.76e+01,1.14e+00,4.12e+02,
769,2.84e+01,1.20e+00,4.20e+02,
770,2.84e+01,1.18e+00,4.16e+02,
771,2.80e+01,1.26e+00,4.28e+02,
772,2.80e+01,1.24e+00,4.24e+02,
773,2.92e+01,1.28e+00,4.28e+02,
774,2.88e+01,1.24e+00,4.24e+02,
775,2.92e+01,1.30e+00,4.32e+02,
776,2.88e+01,1.26e+00,4.28e+02,
777,2.96e+01,1.30e+00,4.36e+02,
778,2.96e+01,1.30e+00,4.32e+02,
779,2.88e+01,1.26e+00,4.40e+02,
780,2.96e+01,1.26e+00,4.36e+02,
781,2.92e+01,1.30e+00,4.44e+02,
782,2.92e+01,1.28e+00,4.36e+02,
783,3.04e+01,1.22e+00,4.48e+02,
784,2.92e+01,1.24e+00,4.44e+02,
785,3.04e+01,1.18e+00,4.52e+02,
786,3.00e+01,1.20e+00,4.48e+02,
787,3.08e+01,1.14e+00,4.56e+02,
788,3.00e+01,1.16e+00,4.56e+02,
789,3.08e+01,1.08e+00,4.52e+02,
790,3.08e+01,1.10e+00,4.52e+02,
791,3.04e+01,1.00e+00,4.60e+02,
792,3.04e+01,1.02e+00,4.56e+02,
793,3.16e+01,9.40e-01,4.64e+02,
794,3.16e+01,9.40e-01,4.60e+02,
795,3.08e+01,8.60e-01,4.68e+02,
796,3.12e+01,8.80e-01,4.68e+02,
797,3.20e+01,7.60e-01,4.72e+02,
798,3.20e+01,7.80e-01,4.68e+02,
799,3.12e+01,6.80e-01,4.76e+02,
800,3.20e+01,7.20e-01,4.72e+02,
801,3.16e+01,6.00e-01,4.80e+02,
802,3.16e+01,6.20e-01,4.76e+02,
803,3.28e+01,5.00e-01,4.84e+02,
804,3.28e+01,5.20e-01,4.84e+02,
805,3.20e+01,4.20e-01,4.80e+02,
806,3.24e+01,4.60e-01,4.80e+02,
807,3.32e+01,3.40e-01,4.88e+02,
808,3.24e+01,3.60e-01,4.88e+02,
809,3.32e+01,2.60e-01,4.96e+02,
810,3.32e+01,3.20e-01,4.92e+02,
811,3.28e+01,2.00e-01,5.00e+02,
812,3.28e+01,2.20e-01,4.96e+02,
813,3.40e+01,1.60e-01,5.00e+02,
814,3.40e+01,1.80e-01,4.96e+02,
815,3.32e+01,1.00e-01,5.04e+02,
816,3.36e+01,1.20e-01,5.00e+02,
817,3.44e+01,8.00e-02,5.08e+02,
818,3.44e+01,1.00e-01,5.08e+02,
819,3.36e+01,6.00e-02,5.04e+02,
820,3.44e+01,8.00e-02,5.04e+02,
821,3.40e+01,4.00e-02,5.16e+02,
822,3.40e+01,4.00e-02,5.12e+02,
823,3.52e+01,8.00e-02,5.20e+02,
824,3.52e+01,4.00e-02,5.20e+02,
825,3.40e+01,8.00e-02,5.16e+02,
826,3.52e+01,1.00e-01,5.20e+02,
827,3.40e+01,4.00e-02,5.12e+02,
828,3.40e+01,8.00e-02,5.16e+02,
829,3.44e+01,4.00e-02,5.04e+02,
830,3.44e+01,4.00e-02,5.08e+02,
831,3.36e+01,8.00e-02,5.04e+02,
832,3.36e+01,4.00e-02,5.08e+02,
833,3.44e+01,8.00e-02,5.00e+02,
834,3.40e+01,4.00e-02,5.04e+02,
835,3.28e+01,1.00e-01,4.96e+02,
836,3.28e+01,6.00e-02,5.00e+02,
837,3.40e+01,1.00e-01,4.92e+02,
838,3.32e+01,8.00e-02,4.96e+02,
839,3.28e+01,1.40e-01,4.88e+02,
840,3.32e+01,1.00e-01,4.88e+02,
841,3.24e+01,1.80e-01,4.96e+02,
842,3.32e+01,1.60e-01,4.88e+02,
843,3.24e+01,2.20e-01,4.80e+02,
844,3.28e+01,1.80e-01,4.84e+02,
845,3.20e+01,2.60e-01,4.76e+02,
846,3.28e+01,2.40e-01,4.80e+02,
847,3.16e+01,3.20e-01,4.76e+02,
848,3.20e+01,2.80e-01,4.80e+02,
849,3.16e+01,3.60e-01,4.72e+02,
850,3.20e+01,3.40e-01,4.76e+02,
851,3.12e+01,4.40e-01,4.68e+02,
852,3.20e+01,3.80e-01,4.68e+02,
853,3.12e+01,5.00e-01,4.72e+02,
854,3.16e+01,4.60e-01,4.72e+02,
855,3.04e+01,5.40e-01,4.60e+02,
856,3.16e+01,5.20e-01,4.64e+02,
857,3.04e+01,6.40e-01,4.56e+02,
858,3.04e+01,6.20e-01,4.60e+02,
859,3.08e+01,7.00e-01,4.52e+02,
860,3.08e+01,6.80e-01,4.52e+02,
861,3.00e+01,7.80e-01,4.56e+02,
862,3.00e+01,7.40e-01,4.56e+02,
863,3.04e+01,8.40e-01,4.48e+02,
864,3.04e+01,8.20e-01,4.52e+02,
865,2.92e+01,9.00e-01,4.44e+02,
866,2.92e+01,8.80e-01,4.48e+02,
867,3.04e+01,9.80e-01,4.40e+02,
868,2.96e+01,9.60e-01,4.40e+02,
869,2.92e+01,1.04e+00,4.36e+02,
870,2.96e+01,1.02e+00,4.40e+02,
871,2.88e+01,1.08e+00,4.32e+02,
872,2.88e+01,1.04e+00,4.36e+02,
873,2.92e+01,1.14e+00,4.28e+02,
874,2.92e+01,1.12e+00,4.32e+02,
875,2.80e+01,1.18e+00,4.24e+02,
876,2.80e+01,1.14e+00,4.24e+02,
877,2.92e+01,1.24e+00,4.28e+02,
878,2.80e+01,1.20e+00,4.28e+02,
879,2.84e+01,1.26e+00,4.16e+02,
880,2.84e+01,1.22e+00,4.20e+02,
881,2.76e+01,1.28e+00,4.12e+02,
882,2.76e+01,1.28e+00,4.16e+02,
883,2.80e+01,1.24e+00,4.08e+02,
884,2.80e+01,1.28e+00,4.08e+02,
885,2.68e+01,1.24e+00,4.16e+02,
886,2.68e+01,1.30e+00,4.12e+02,
887,2.80e+01,1.24e+00,4.04e+02,
888,2.72e+01,1.28e+00,4.08e+02,
889,2.64e+01,1.24e+00,4.00e+02,
890,2.64e+01,1.26e+00,4.04e+02,
891,2.72e+01,1.22e+00,3.96e+02,
892,2.64e+01,1.24e+00,3.96e+02,
893,2.68e+01,1.18e+00,3.92e+02,
894,2.68e+01,1.20e+00,3.96e+02,
895,2.56e+01,1.14e+00,3.88e+02,
896,2.68e+01,1.16e+00,3.92e+02,
897,2.56e+01,1.10e+00,3.84e+02,
898,2.60e+01,1.12e+00,3.84e+02,
899,2.52e+01,1.04e+00,3.88e+02,
900,2.52e+01,1.06e+00,3.80e+02,
901,2.60e+01,9.80e-01,3.88e+02,
902,2.52e+01,1.00e+00,3.84e+02,
903,2.56e+01,9.00e-01,3.72e+02,
904,2.56e+01,9.20e-01,3.76e+02,
905,2.44e+01,8.40e-01,3.68e+02,
906,2.48e+01,8.60e-01,3.68e+02,
907,2.44e+01,7.60e-01,3.72e+02,
908,2.48e+01,7.80e-01,3.72e+02,
909,2.40e+01,7.00e-01,3.64e+02,
910,2.40e+01,7.00e-01,3.68e+02,
911,2.48e+01,6.00e-01,3.60e+02,
912,2.40e+01,6.40e-01,3.64e+02,
913,2.44e+01,5.20e-01,3.56e+02,
914,2.44e+01,5.40e-01,3.56e+02,
915,2.32e+01,4.60e-01,3.60e+02,
916,2.44e+01,4.80e-01,3.60e+02,
917,2.32e+01,3.80e-01,3.48e+02,
918,2.36e+01,4.00e-01,3.52e+02,
919,2.28e+01,3.00e-01,3.44e+02,
920,2.28e+01,3.20e-01,3.48e+02,
921,2.36e+01,2.40e-01,3.40e+02,
922,2.28e+01,2.60e-01,3.44e+02,
923,2.32e+01,1.80e-01,3.40e+02,
924,2.32e+01,2.20e-01,3.44e+02,
925,2.20e+01,1.20e-01,3.36e+02,
926,2.20e+01,1.60e-01,3.40e+02,
927,2.32e+01,8.00e-02,3.28e+02,
928,2.24e+01,1.20e-01,3.32e+02,
929,2.16e+01,6.00e-02,3.24e+02,
930,2.16e+01,8.00e-02,3.28e+02,
931,2.24e+01,4.00e-02,3.20e+02,
932,2.20e+01,6.00e-02,3.20e+02,
933,2.16e+01,0.00e+00,3.28e+02,
934,2.20e+01,4.00e-02,3.24e+02,
935,2.08e+01,-2.00e-02,3.16e+02,
936,2.12e+01,0.00e+00,3.20e+02,
937,2.08e+01,4.00e-02,3.12e+02,
938,2.12e+01,6.00e-02,3.12e+02,
939,2.04e+01,0.00e+00,3.16e+02,
940,2.12e+01,2.00e-02,3.16e+02,
941,2.04e+01,8.00e-02,3.04e+02,
942,2.08e+01,6.00e-02,3.08e+02,
943,2.04e+01,1.00e-01,3.00e+02,
944,2.08e+01,8.00e-02,3.04e+02,
945,1.96e+01,1.40e-01,2.96e+02,
946,2.00e+01,1.20e-01,3.00e+02,
947,1.96e+01,2.20e-01,2.96e+02,
948,2.00e+01,1.80e-01,3.00e+02,
949,1.92e+01,2.60e-01,2.92e+02,
950,1.92e+01,2.40e-01,2.96e+02,
951,2.00e+01,3.20e-01,2.88e+02,
952,1.96e+01,3.20e-01,2.88e+02,
953,1.88e+01,4.00e-01,2.84e+02,
954,1.96e+01,3.80e-01,2.88e+02,
955,1.84e+01,4.80e-01,2.80e+02,
956,1.88e+01,4.60e-01,2.84e+02,
957,1.84e+01,5.40e-01,2.76e+02,
958,1.88e+01,5.20e-01,2.80e+02,
959,1.80e+01,6.40e-01,2.72e+02,
960,1.80e+01,6.20e-01,2.76e+02,
961,1.88e+01,7.40e-01,2.68e+02,
962,1.80e+01,7.20e-01,2.68e+02,
963,1.84e+01,8.00e-01,2.72e+02,
964,1.84e+01,7.80e-01,2.72e+02,
965,1.72e+01,9.00e-01,2.60e+02,
966,1.76e+01,8.60e-01,2.64e+02,
967,1.72e+01,9.60e-01,2.56e+02,
968,1.76e+01,9.60e-01,2.60e+02,
969,1.68e+01,1.04e+00,2.52e+02,
970,1.68e+01,1.00e+00,2.52e+02,
971,1.76e+01,1.08e+00,2.60e+02,
972,1.68e+01,1.08e+00,2.56e+02,
973,1.72e+01,1.16e+00,2.48e+02,
974,1.72e+01,1.12e+00,2.52e+02,
975,1.60e+01,1.18e+00,2.44e+02,
976,1.64e+01,1.16e+00,2.48e+02,
977,1.60e+01,1.24e+00,2.36e+02,
978,1.64e+01,1.22e+00,2.44e+02,
979,1.56e+01,1.28e+00,2.36e+02,
980,1.56e+01,1.24e+00,2.40e+02,
981,1.64e+01,1.28e+00,2.32e+02,
982,1.60e+01,1.26e+00,2.36e+02,
983,1.48e+01,1.30e+00,2.28e+02,
984,1.48e+01,1.26e+00,2.28e+02,
985,1.60e+01,1.30e+00,2.32e+02,
986,1.52e+01,1.28e+00,2.32e+02,
987,1.48e+01,1.24e+00,2.24e+02,
988,1.52e+01,1.28e+00,2.28e+02,
989,1.44e+01,1.22e+00,2.16e+02,
990,1.44e+01,1.26e+00,2.20e+02,
991,1.52e+01,1.18e+00,2.12e+02,
992,1.48e+01,1.20e+00,2.16e+02,
993,1.36e+01,1.14e+00,2.12e+02,
994,1.48e+01,1.16e+00,2.16e+02,
995,1.36e+01,1.08e+00,2.08e+02,
996,1.40e+01,1.10e+00,2.12e+02,
997,1.36e+01,1.02e+00,2.04e+02,
998,1.40e+01,1.04e+00,2.08e+02,
999,1.32e+01,9.20e-01,2.00e+02,
1000,1.32e+01,9.40e-01,2.08e+02,
1001,1.40e+01,8.60e-01,1.96e+02,
1002,1.36e+01,8.80e-01,2.00e+02,
1003,1.24e+01,7.80e-01,1.92e+02,
1004,1.36e+01,8.00e-01,1.96e+02,
1005,1.24e+01,7.00e-01,1.88e+02,
1006,1.28e+01,7.20e-01,1.92e+02,
1007,1.24e+01,6.20e-01,1.84e+02,
1008,1.20e+01,6.40e-01,1.84e+02,
1009,1.28e+01,5.00e-01,1.88e+02,
1010,1.24e+01,5.40e-01,1.88e+02,
1011,1.20e+01,4.40e-01,1.80e+02,
1012,1.24e+01,4.60e-01,1.84e+02,
1013,1.12e+01,3.60e-01,1.72e+02,
1014,1.24e+01,3.80e-01,1.76e+02,
1015,1.12e+01,2.80e-01,1.68e+02,
1016,1.16e+01,3.20e-01,1.72e+02,
1017,1.12e+01,2.00e-01,1.68e+02,
1018,1.16e+01,2.40e-01,1.72e+02,
1019,1.08e+01,1.60e-01,1.64e+02,
1020,1.12e+01,1.60e-01,1.68e+02,
1021,1.08e+01,8.00e-02,1.60e+02,
1022,1.12e+01,1.20e-01,1.64e+02,
1023,1.00e+01,4.00e-02,1.56e+02,
1024,1.00e+01,8.00e-02,1.56e+02,
1025,1.12e+01,2.00e-02,1.60e+02,
1026,1.04e+01,2.00e-02,1.60e+02,
1027,1.00e+01,-2.00e-02,1.48e+02,
1028,1.04e+01,2.00e-02,1.52e+02,
1029,9.60e+00,-2.00e-02,1.44e+02,
1030,9.60e+00,0.00e+00,1.48e+02,
1031,1.00e+01,-4.00e-02,1.40e+02,
1032,1.00e+01,-2.00e-02,1.44e+02,
1033,8.80e+00,2.00e-02,1.40e+02,
1034,8.80e+00,0.00e+00,1.44e+02,
1035,1.00e+01,6.00e-02,1.36e+02,
1036,9.20e+00,2.00e-02,1.40e+02,
1037,8.80e+00,1.00e-01,1.28e+02,
1038,9.20e+00,6.00e-02,1.32e+02,
1039,8.40e+00,1.40e-01,1.24e+02,
1040,8.40e+00,1.00e-01,1.28e+02,
1041,8.80e+00,2.00e-01,1.24e+02,
1042,8.80e+00,1.80e-01,1.28e+02,
1043,7.60e+00,2.60e-01,1.20e+02,
1044,8.80e+00,2.40e-01,1.24e+02,
1045,7.60e+00,3.40e-01,1.16e+02,
1046,8.00e+00,3.20e-01,1.20e+02,
1047,7.60e+00,4.20e-01,1.12e+02,
1048,8.00e+00,3.80e-01,1.12e+02,
1049,7.20e+00,5.00e-01,1.16e+02,
1050,7.20e+00,4.60e-01,1.16e+02,
1051,7.60e+00,6.00e-01,1.04e+02,
1052,7.60e+00,5.80e-01,1.08e+02,
1053,6.40e+00,6.80e-01,1.00e+02,
1054,7.60e+00,6.40e-01,1.04e+02,
1055,6.40e+00,7.80e-01,9.60e+01,
1056,6.80e+00,7.40e-01,1.00e+02,
1057,6.00e+00,8.60e-01,9.20e+01,
1058,6.00e+00,8.40e-01,9.20e+01,
1059,6.80e+00,9.40e-01,1.00e+02,
1060,6.00e+00,9.20e-01,9.60e+01,
1061,6.40e+00,1.02e+00,8.80e+01,
1062,6.40e+00,1.00e+00,8.80e+01,
1063,5.20e+00,1.10e+00,8.00e+01,
1064,6.40e+00,1.08e+00,8.40e+01,
1065,5.20e+00,1.16e+00,8.00e+01,
1066,5.60e+00,1.14e+00,8.40e+01,
1067,4.80e+00,1.22e+00,7.60e+01,
1068,5.60e+00,1.20e+00,8.00e+01,
1069,4.80e+00,1.26e+00,7.20e+01,
1070,4.80e+00,1.24e+00,7.60e+01,
1071,5.20e+00,1.30e+00,6.80e+01,
1072,5.20e+00,1.26e+00,7.20e+01,
1073,4.00e+00,1.32e+00,6.00e+01,
1074,5.20e+00,1.28e+00,6.40e+01,
1075,4.00e+00,1.32e+00,6.00e+01,
1076,5.20e+00,1.32e+00,7.20e+01,
1077,4.00e+00,1.28e+00,6.00e+01,
1078,4.80e+00,1.28e+00,6.80e+01,
1079,5.20e+00,1.32e+00,7.60e+01,
1080,4.80e+00,1.30e+00,7.20e+01,
1081,5.60e+00,1.26e+00,8.00e+01,
1082,5.60e+00,1.30e+00,7.60e+01,
1083,4.80e+00,1.24e+00,8.40e+01,
1084,5.20e+00,1.26e+00,8.40e+01,
1085,6.40e+00,1.20e+00,7.60e+01,
1086,5.20e+00,1.22e+00,8.00e+01,
1087,6.40e+00,1.16e+00,8.80e+01,
1088,6.00e+00,1.18e+00,8.40e+01,
1089,6.40e+00,1.12e+00,9.60e+01,
1090,6.00e+00,1.14e+00,9.20e+01,
1091,6.80e+00,1.08e+00,1.00e+02,
1092,6.80e+00,1.10e+00,9.60e+01,
1093,6.40e+00,1.00e+00,1.00e+02,
1094,6.40e+00,1.04e+00,9.60e+01,
1095,7.60e+00,9.40e-01,1.04e+02,
1096,6.40e+00,9.60e-01,1.00e+02,
1097,7.60e+00,8.60e-01,1.08e+02,
1098,7.20e+00,9.00e-01,1.04e+02,
1099,8.00e+00,7.80e-01,1.16e+02,
1100,8.00e+00,8.20e-01,1.12e+02,
1101,7.20e+00,7.20e-01,1.16e+02,
1102,7.60e+00,7.60e-01,1.12e+02,
1103,8.00e+00,6.40e-01,1.20e+02,
1104,7.60e+00,6.60e-01,1.16e+02,
1105,8.80e+00,5.80e-01,1.24e+02,
1106,7.60e+00,6.00e-01,1.20e+02,
1107,8.80e+00,5.00e-01,1.28e+02,
1108,8.40e+00,5.20e-01,1.28e+02,
1109,9.20e+00,4.20e-01,1.24e+02,
1110,8.40e+00,4.60e-01,1.24e+02,
1111,9.20e+00,3.40e-01,1.32e+02,
1112,9.20e+00,3.60e-01,1.28e+02,
1113,8.40e+00,3.00e-01,1.40e+02,
1114,8.80e+00,3.20e-01,1.36e+02,
1115,1.00e+01,2.20e-01,1.44e+02,
1116,1.00e+01,2.40e-01,1.40e+02,
1117,8.80e+00,1.80e-01,1.44e+02,
1118,9.60e+00,2.00e-01,1.40e+02,
1119,1.04e+01,1.00e-01,1.48e+02,
1120,9.60e+00,1.20e-01,1.44e+02,
1121,1.04e+01,8.00e-02,1.52e+02,
1122,1.04e+01,1.00e-01,1.48e+02,
1123,1.00e+01,4.00e-02,1.60e+02,
1124,1.00e+01,6.00e-02,1.56e+02,
1125,1.12e+01,0.00e+00,1.64e+02,
1126,1.12e+01,6.00e-02,1.56e+02,
1127,1.08e+01,-2.00e-02,1.64e+02,
1128,1.08e+01,2.00e-02,1.60e+02,
1129,1.16e+01,-4.00e-02,1.68e+02,
1130,1.08e+01,-2.00e-02,1.64e+02,
1131,1.16e+01,2.00e-02,1.72e+02,
1132,1.12e+01,-2.00e-02,1.72e+02,
1133,1.16e+01,2.00e-02,1.68e+02,
1134,1.12e+01,2.00e-02,1.68e+02,
1135,1.24e+01,-2.00e-02,1.76e+02,
1136,1.24e+01,0.00e+00,1.72e+02,
1137,1.12e+01,8.00e-02,1.84e+02,
1138,1.20e+01,6.00e-02,1.80e+02,
1139,1.28e+01,1.00e-01,1.88e+02,
1140,1.28e+01,8.00e-02,1.84e+02,
1141,1.20e+01,1.40e-01,1.92e+02,
1142,1.28e+01,1.20e-01,1.92e+02,
1143,1.24e+01,2.00e-01,1.88e+02,
1144,1.24e+01,1.80e-01,1.88e+02,
1145,1.36e+01,2.60e-01,1.96e+02,
1146,1.24e+01,2.40e-01,1.92e+02,
1147,1.36e+01,3.20e-01,2.04e+02,
1148,1.32e+01,3.00e-01,2.00e+02,
1149,1.40e+01,4.00e-01,2.04e+02,
1150,1.32e+01,3.80e-01,2.00e+02,
1151,1.40e+01,4.80e-01,2.08e+02,
1152,1.40e+01,4.60e-01,2.04e+02,
1153,1.36e+01,5.60e-01,2.12e+02,
1154,1.48e+01,5.20e-01,2.08e+02,
1155,1.36e+01,6.40e-01,2.16e+02,
1156,1.44e+01,6.20e-01,2.12e+02,
1157,1.48e+01,7.20e-01,2.20e+02,
1158,1.44e+01,7.00e-01,2.20e+02,
1159,1.52e+01,7.80e-01,2.16e+02,
1160,1.52e+01,7.60e-01,2.16e+02,
1161,1.44e+01,8.80e-01,2.28e+02,
1162,1.52e+01,8.60e-01,2.24e+02,
1163,1.48e+01,9.40e-01,2.32e+02,
1164,1.48e+01,9.40e-01,2.28e+02,
1165,1.60e+01,1.02e+00,2.32e+02,
1166,1.60e+01,1.00e+00,2.28e+02,
1167,1.56e+01,1.08e+00,2.36e+02,
1168,1.56e+01,1.04e+00,2.32e+02,
1169,1.64e+01,1.14e+00,2.40e+02,
1170,1.64e+01,1.12e+00,2.36e+02,
1171,1.56e+01,1.20e+00,2.44e+02,
1172,1.60e+01,1.16e+00,2.44e+02,
1173,1.68e+01,1.24e+00,2.48e+02,
1174,1.72e+01,1.22e+00,2.44e+02,
1175,1.60e+01,1.28e+00,2.52e+02,
1176,1.68e+01,1.24e+00,2.48e+02,
1177,1.72e+01,1.30e+00,2.56e+02,
1178,1.68e+01,1.28e+00,2.52e+02,
1179,1.76e+01,1.32e+00,2.60e+02,
1180,1.76e+01,1.32e+00,2.56e+02,
1181,1.68e+01,1.30e+00,2.64e+02,
1182,1.76e+01,1.32e+00,2.56e+02,
1183,1.72e+01,1.28e+00,2.64e+02,
1184,1.84e+01,1.28e+00,2.60e+02,
1185,1.72e+01,1.32e+00,2.72e+02,
1186,1.80e+01,1.30e+00,2.68e+02,
1187,1.84e+01,1.24e+00,2.76e+02,
1188,1.80e+01,1.28e+00,2.72e+02,
1189,1.88e+01,1.22e+00,2.76e+02,
1190,1.80e+01,1.26e+00,2.72e+02,
1191,1.88e+01,1.18e+00,2.80e+02,
1192,1.84e+01,1.20e+00,2.76e+02,
1193,1.92e+01,1.12e+00,2.84e+02,
1194,1.84e+01,1.16e+00,2.80e+02,
1195,1.96e+01,1.06e+00,2.88e+02,
1196,1.92e+01,1.10e+00,2.80e+02,
1197,1.96e+01,1.00e+00,2.96e+02,
1198,1.92e+01,1.02e+00,2.88e+02,
1199,2.00e+01,9.00e-01,2.96e+02,
